|Samples,Time|
256,0.013543341402329066
512,0.018484192823389565
1024,0.02903050527371496
2048,0.04749933301578832
4096,0.11361890966589329
8192,0.22646733034505784
16384,0.45075309850832995
32768,0.9442683357801062
65536,2.3601549917657136
131072,5.414714160598624
262144,11.794370234205743
