|Samples,Time|
256,0.002011149461733265
512,0.0019622605666362626
1024,0.0018594542043751374
2048,0.0017762034001528124
4096,0.0018217399138717363
8192,0.0023067177532340027
16384,0.0024475177711133674
32768,0.00445140373986079
65536,0.006497473840949057
131072,0.012015772954383865
262144,0.022395583796264606
