|Samples,Time|
256,0.11521799558323753
512,0.11999471999932954
1024,0.11926578657343323
2048,0.13979723679964912
4096,0.2790003338413123
8192,0.6689131579572263
16384,1.3350420234973996
32768,2.6550396768304347
65536,8.270393024811813
131072,22.806798769117304
262144,52.94358032934354
