|Samples,Time|
256,0.013512890604811506
512,0.018476091235059205
1024,0.028510048064768007
2048,0.04743675523006416
4096,0.11534259242445619
8192,0.2273467717265742
16384,0.45153783511591555
32768,1.0131351889695477
65536,2.362712858757188
131072,5.297460431423547
262144,11.593128176905164
