|Samples,Time|
256,0.003263,0.000750015750816
512,0.003988,0.00168753543933
1024,0.005231,0.00375007875408
2048,0.007879,0.00825017325897
4096,0.014247,0.0180003780196
8192,0.031863,0.0390008190424
16384,0.063152,0.0840017640913
32768,0.133334,0.180003780196
65536,0.287867,0.384008064418
131072,0.758708,0.816017136887
262144,1.782534,1.72803628988
